City_ID,City,Country,Lat,Lng,Max Temp,Humidity,Cloudiness,Wind Speed,Current Description
0,Mar Del Plata,AR,-38.0,-57.56,60.8,48,40,13.87,scattered clouds
1,Presidencia Roque Saenz Pena,AR,-26.79,-60.44,74.95,46,96,11.3,overcast clouds
2,New Norfolk,AU,-42.78,147.06,53.01,93,100,3.27,light rain
3,Denpasar,ID,-8.65,115.22,80.6,100,40,10.29,light rain
4,Namatanai,PG,-3.67,152.43,80.15,81,100,8.95,moderate rain
5,Hermanus,ZA,-34.42,19.23,60.01,61,58,3.0,broken clouds
6,Emerald,AU,-23.53,148.17,77.0,22,13,11.41,light rain
7,Puerto Ayora,EC,-0.74,-90.35,71.6,78,75,18.34,broken clouds
8,Pemangkat,ID,1.17,108.97,80.13,80,100,6.49,overcast clouds
9,Ushuaia,AR,-54.8,-68.3,55.4,43,40,14.99,scattered clouds
10,Hobart,AU,-42.88,147.33,53.6,93,90,5.82,overcast clouds
11,Alamosa,US,37.47,-105.87,42.8,38,1,1.25,clear sky
12,Bambous Virieux,MU,-20.34,57.76,75.99,83,40,5.82,scattered clouds
13,Trairi,BR,-3.28,-39.27,87.28,55,7,14.0,clear sky
14,Dikson,RU,73.51,80.55,29.89,91,99,7.9,overcast clouds
15,Manggar,ID,-2.88,108.27,81.1,81,100,7.87,moderate rain
16,Mae Sai,TH,20.43,99.88,72.0,94,0,3.36,clear sky
17,Pevek,RU,69.7,170.31,32.81,92,100,20.78,overcast clouds
18,Punta Arenas,CL,-53.15,-70.92,57.2,54,40,32.21,scattered clouds
19,Rikitea,PF,-23.12,-134.97,73.18,77,0,15.66,clear sky
20,Bengkulu,ID,-3.8,102.27,76.32,83,100,3.87,light rain
21,Port Alfred,ZA,-33.59,26.89,63.23,71,39,27.27,scattered clouds
22,San Patricio,US,28.02,-97.52,84.0,78,75,14.99,broken clouds
23,Villamaria,CO,5.04,-75.51,77.0,69,40,9.17,scattered clouds
24,Shebunino,RU,46.43,141.86,50.31,58,88,4.03,overcast clouds
25,Ilave,PE,-16.08,-69.67,58.06,40,12,10.33,few clouds
26,Venice,US,27.1,-82.45,88.0,66,20,13.87,few clouds
27,Namibe,AO,-15.2,12.15,73.4,73,40,14.99,scattered clouds
28,Arraial Do Cabo,BR,-22.97,-42.03,73.4,94,75,6.93,moderate rain
29,Tura,IN,25.52,90.22,75.83,94,2,2.55,clear sky
30,Lebu,CL,-37.62,-73.65,56.43,76,6,11.41,clear sky
31,Touros,BR,-5.2,-35.46,86.0,62,75,13.87,broken clouds
32,Sitka,US,57.05,-135.33,51.8,57,90,17.22,overcast clouds
33,Izumo,JP,35.37,132.77,68.0,82,75,6.93,broken clouds
34,Goshen,US,41.58,-85.83,72.0,52,1,9.17,clear sky
35,Leningradskiy,RU,69.38,178.42,35.51,95,100,8.63,light rain
36,Bandarbeyla,SO,9.49,50.81,79.14,84,7,4.7,clear sky
37,Sao Miguel Do Tapuio,BR,-5.5,-41.32,104.83,19,18,5.01,few clouds
38,Kaitangata,NZ,-46.28,169.85,46.0,87,2,1.99,clear sky
39,Saint-Philippe,RE,-21.36,55.77,75.2,83,75,6.93,broken clouds
40,Qaanaaq,GL,77.48,-69.36,21.04,83,83,6.31,broken clouds
41,Carnarvon,AU,-24.87,113.63,68.0,88,0,20.8,clear sky
42,Vaini,TO,-21.2,-175.2,75.2,88,75,8.05,broken clouds
43,Mataura,NZ,-46.19,168.86,39.99,90,1,2.42,clear sky
44,Ambon,ID,-3.7,128.18,79.0,94,40,8.05,scattered clouds
45,Busselton,AU,-33.65,115.33,48.0,69,100,5.84,overcast clouds
46,Shimanovsk,RU,52.0,127.7,44.4,85,100,9.78,overcast clouds
47,Hervey Bay,AU,-25.3,152.85,71.01,79,30,3.0,scattered clouds
48,Nikolskoye,RU,59.7,30.79,55.99,76,78,6.71,broken clouds
49,Ketchikan,US,55.34,-131.65,46.4,87,90,13.87,light rain
50,Koster,ZA,-25.86,26.9,69.31,50,90,6.62,overcast clouds
51,Majene,ID,-3.54,118.97,78.71,82,100,3.15,moderate rain
52,Bilibino,RU,68.05,166.44,22.46,95,100,3.33,overcast clouds
53,Victoria,HK,22.29,114.16,78.01,76,80,3.0,light rain
54,Barrow,US,71.29,-156.79,30.2,86,90,27.51,light snow
55,Longhua,CN,23.61,114.19,66.65,81,1,2.8,light rain
56,Kavieng,PG,-2.57,150.8,81.61,76,100,4.47,moderate rain
57,Pozo Colorado,PY,-23.49,-58.8,103.42,26,69,5.19,broken clouds
58,Iqaluit,CA,63.75,-68.51,32.0,96,90,13.38,light snow
59,Clyde River,CA,70.47,-68.59,30.2,92,90,17.22,overcast clouds
60,Berezovyy,RU,51.67,135.7,36.82,78,0,3.27,clear sky
61,Torbay,CA,47.67,-52.73,52.0,61,40,32.21,scattered clouds
62,Souillac,MU,-20.52,57.52,75.2,83,40,5.82,scattered clouds
63,Katsuura,JP,35.13,140.3,62.6,93,75,18.34,mist
64,Muros,ES,42.78,-9.06,70.0,86,68,5.01,broken clouds
65,Melfort,CA,52.87,-104.62,42.8,81,90,12.75,overcast clouds
66,Boa Esperanca Do Sul,BR,-21.99,-48.39,99.34,25,39,9.46,scattered clouds
67,Jamestown,US,42.1,-79.24,62.01,71,1,5.82,clear sky
68,Gat,IL,31.61,34.76,89.6,43,40,2.24,scattered clouds
69,Rybinsk,RU,58.04,38.84,49.17,80,100,7.92,overcast clouds
70,Asau,RO,46.43,26.4,57.99,94,100,2.53,overcast clouds
71,Airai,TL,-8.93,125.41,61.27,77,99,3.4,light rain
72,Bluff,NZ,-46.6,168.33,39.99,90,0,6.67,clear sky
73,Hofn,IS,64.25,-15.21,48.2,70,20,27.51,few clouds
74,Albany,US,42.6,-73.97,57.0,45,20,3.36,few clouds
75,Kajansi,UG,0.21,32.52,73.4,73,20,5.82,few clouds
76,Salinas,US,36.68,-121.66,59.0,87,90,6.93,overcast clouds
77,Mitsamiouli,KM,-11.38,43.28,80.6,74,40,11.41,scattered clouds
78,Acapulco,MX,16.86,-99.89,78.8,83,75,1.16,broken clouds
79,Marzuq,YE,14.4,46.47,79.63,16,13,13.29,few clouds
80,Rawson,AR,-43.3,-65.1,63.43,33,26,8.39,scattered clouds
81,Anadyr,RU,64.75,177.48,35.6,100,75,11.18,light rain
82,Liverpool,GB,53.41,-2.98,52.0,71,40,19.46,shower rain
83,Steinkjer,NO,64.19,11.39,50.0,87,75,5.82,broken clouds
84,Olavarria,AR,-36.89,-60.32,64.22,40,0,15.77,clear sky
85,Hithadhoo,MV,-0.6,73.08,83.3,75,57,10.02,light rain
86,Caucaia,BR,-3.74,-38.65,86.0,62,40,13.87,scattered clouds
87,Bubaque,GW,11.28,-15.83,82.2,72,21,7.61,few clouds
88,Morros,BR,-9.45,-46.3,103.37,17,7,4.47,clear sky
89,Bredasdorp,ZA,-34.53,20.04,59.0,62,76,14.99,broken clouds
90,Severo-Kurilsk,RU,50.68,156.12,45.84,78,47,13.69,scattered clouds
91,Atuona,PF,-9.8,-139.03,77.68,75,4,19.69,clear sky
92,Kirakira,SB,-10.45,161.92,78.84,83,19,8.3,light rain
93,Georgetown,MY,5.41,100.34,78.8,94,20,3.36,few clouds
94,Kapaa,US,22.08,-159.32,75.2,83,40,5.82,scattered clouds
95,Cherskiy,RU,68.75,161.3,22.87,96,79,8.03,broken clouds
96,Avarua,CK,-21.21,-159.78,75.2,88,67,10.29,broken clouds
97,Sept-Iles,CA,50.2,-66.38,44.01,38,75,19.46,broken clouds
98,Sao Filipe,CV,14.9,-24.5,84.18,66,0,13.65,clear sky
99,Yellowknife,CA,62.46,-114.35,39.2,93,90,13.87,light rain
100,Kodiak,US,57.79,-152.41,44.6,81,90,5.82,overcast clouds
101,Upernavik,GL,72.79,-56.15,34.99,77,63,8.86,broken clouds
102,Padang,ID,-0.95,100.35,77.74,77,100,3.02,moderate rain
103,Shimoda,JP,34.67,138.95,66.2,88,90,11.41,moderate rain
104,Fort Nelson,CA,58.81,-122.7,28.4,92,75,3.36,broken clouds
105,Indija,IN,20.0,77.0,76.96,83,100,4.52,overcast clouds
106,Qarchi Gak,AF,37.04,66.79,62.01,35,75,2.24,broken clouds
107,Rocha,UY,-34.48,-54.33,68.31,46,48,16.15,scattered clouds
108,Cape Town,ZA,-33.93,18.42,60.01,54,20,19.46,few clouds
109,Cabatuan,PH,10.88,122.49,76.06,88,100,2.48,overcast clouds
110,Prince Rupert,CA,54.32,-130.32,46.4,81,90,5.82,overcast clouds
111,Yumen,CN,40.28,97.2,45.61,52,12,3.96,few clouds
112,Eureka,US,40.8,-124.16,55.99,94,17,1.99,few clouds
113,Geraldton,AU,-28.77,114.6,60.8,82,21,11.41,few clouds
114,Tuktoyaktuk,CA,69.45,-133.04,32.0,95,90,6.93,overcast clouds
115,Saint George,US,37.1,-113.58,66.2,32,1,4.97,clear sky
116,Hilo,US,19.73,-155.09,69.8,56,1,9.17,clear sky
117,Ponta Do Sol,PT,32.67,-17.1,75.2,64,40,11.41,scattered clouds
118,Butaritari,KI,3.07,172.79,81.82,76,66,14.34,broken clouds
119,Saskylakh,RU,71.92,114.08,11.37,92,98,4.21,overcast clouds
120,Lanzhou,CN,36.06,103.79,63.0,61,98,3.91,overcast clouds
121,Ilulissat,GL,69.22,-51.1,41.0,48,20,9.17,few clouds
122,Cuamba,MZ,-14.8,36.54,84.07,40,59,4.38,broken clouds
123,Castro,BR,-24.79,-50.01,67.62,90,94,3.33,light rain
124,Lagoa,PT,39.05,-27.98,71.53,80,0,2.19,clear sky
125,Norman Wells,CA,65.28,-126.83,33.8,87,75,3.36,broken clouds
126,Camapua,BR,-19.53,-54.04,105.8,14,45,15.17,scattered clouds
127,Ko Samui,TH,9.54,99.94,80.6,83,20,13.18,light rain
128,San Vicente,AR,-26.62,-54.13,59.76,92,99,3.69,heavy intensity rain
129,Umm Kaddadah,SD,13.6,26.69,97.27,15,0,0.76,clear sky
130,Kitimat,CA,54.05,-128.65,41.0,94,100,3.29,light rain
131,Tiksi,RU,71.69,128.87,23.09,95,77,11.41,broken clouds
132,Chokurdakh,RU,70.63,147.92,22.93,97,81,6.13,broken clouds
133,Muli,MV,2.92,73.57,83.28,76,99,14.0,overcast clouds
134,Aklavik,CA,68.22,-135.01,33.8,100,90,4.7,overcast clouds
135,Kaeo,NZ,-35.1,173.78,57.99,74,94,5.99,overcast clouds
136,Hambantota,LK,6.12,81.12,78.8,88,40,5.82,scattered clouds
137,Palanpur,IN,24.17,72.43,83.35,32,0,2.66,clear sky
138,Aktash,RU,50.3,87.73,13.96,85,19,2.95,few clouds
139,Mount Gambier,AU,-37.83,140.77,46.4,100,35,9.17,scattered clouds
140,Caxito,AO,-8.58,13.66,78.8,74,40,11.41,scattered clouds
141,Husavik,IS,66.04,-17.34,42.8,75,20,16.11,few clouds
142,Lloret De Mar,ES,41.7,2.85,69.01,91,71,5.01,broken clouds
143,Ayan,RU,56.45,138.17,45.64,62,0,5.7,clear sky
144,Dao,PH,11.39,122.69,76.53,89,100,1.83,light rain
145,Batala,IN,31.82,75.2,77.0,61,0,3.58,smoke
146,Portland,US,45.52,-122.68,57.99,87,75,5.82,broken clouds
147,Sisimiut,GL,66.94,-53.67,41.16,69,65,12.55,broken clouds
148,Camacha,PT,33.08,-16.33,75.2,60,40,13.87,scattered clouds
149,Batetskiy,RU,58.65,30.3,55.63,80,95,6.22,overcast clouds
150,Omsukchan,RU,62.53,155.8,21.58,91,83,5.35,broken clouds
151,Campechuela,CU,20.23,-77.28,83.61,68,46,3.78,scattered clouds
152,Bilma,NE,18.69,12.92,98.91,11,78,7.92,broken clouds
153,Saint Anthony,US,45.02,-93.22,71.01,64,1,9.17,clear sky
154,Lavrentiya,RU,65.58,-171.0,40.44,91,100,13.35,light rain
155,Grand Gaube,MU,-20.01,57.66,75.99,80,1,3.0,clear sky
156,Christchurch,NZ,-43.53,172.63,50.0,93,7,5.82,clear sky
157,Guerrero Negro,MX,27.98,-114.06,73.33,69,0,13.71,clear sky
158,Te Anau,NZ,-45.42,167.72,39.72,89,56,0.56,broken clouds
159,Sobolevo,RU,54.43,31.9,50.59,93,100,9.1,light rain
160,Vanimo,PG,-2.67,141.3,79.32,81,100,2.77,light rain
161,Kungalv,SE,57.87,11.98,53.01,76,69,1.01,light rain
162,Bintulu,MY,3.17,113.03,77.0,94,40,5.82,light rain
163,Nisia Floresta,BR,-6.09,-35.21,86.0,62,75,13.87,broken clouds
164,Faanui,PF,-16.48,-151.75,77.63,79,0,18.05,clear sky
165,Pochutla,MX,15.74,-96.47,68.0,82,75,3.02,broken clouds
166,Lianran,CN,24.92,102.48,59.0,100,5,3.24,clear sky
167,Thompson,CA,55.74,-97.86,26.6,92,90,16.11,light snow
168,Bathsheba,BB,13.22,-59.52,84.2,74,75,6.93,shower rain
169,Saint-Georges,GD,12.06,-61.75,87.8,74,75,2.24,broken clouds
170,San Jose,US,37.34,-121.89,62.6,72,90,3.36,overcast clouds
171,Tommot,RU,58.96,126.29,35.17,81,100,2.53,overcast clouds
172,Bakchar,RU,57.02,82.07,30.07,98,97,5.06,overcast clouds
173,Keokuk,US,40.4,-91.38,73.99,77,1,9.17,clear sky
174,Saldanha,ZA,-33.01,17.94,62.6,48,0,21.92,clear sky
175,Ribeira Grande,PT,38.52,-28.7,73.4,88,20,6.93,few clouds
176,Lompoc,US,34.64,-120.46,57.2,93,90,3.36,overcast clouds
177,Weligama,LK,5.97,80.42,79.39,85,88,8.9,overcast clouds
178,Duldurga,RU,50.68,113.59,32.27,95,2,4.36,clear sky
179,Roscrea,IE,52.95,-7.8,48.99,75,36,3.0,light rain
180,Maniitsoq,GL,65.42,-52.9,42.22,66,100,8.59,overcast clouds
181,Codrington,AU,-38.27,141.97,45.82,96,28,9.33,scattered clouds
182,Bridlington,GB,54.08,-0.19,51.8,62,95,12.75,overcast clouds
183,South Venice,US,27.05,-82.42,88.0,66,20,13.87,few clouds
184,Pando,UY,-34.72,-55.95,71.6,33,20,17.22,few clouds
185,Pokhara,NP,28.23,83.98,69.89,71,5,3.18,clear sky
186,Catarama,EC,-1.58,-79.47,91.94,41,47,3.42,scattered clouds
187,Arman,RU,59.7,150.17,34.5,81,0,11.05,clear sky
188,Srednekolymsk,RU,67.45,153.68,23.94,98,89,4.52,overcast clouds
189,Omalur,IN,11.74,78.05,76.93,84,75,1.81,heavy intensity rain
190,Chuy,UY,-33.7,-53.46,69.64,46,0,10.96,clear sky
191,Charters Towers,AU,-20.1,146.27,65.59,78,90,2.84,overcast clouds
192,Olafsvik,IS,64.89,-23.71,45.54,75,0,10.27,clear sky
193,Bako,ET,5.78,36.57,68.58,75,50,4.83,scattered clouds
194,Aniche,FR,50.33,3.25,59.0,58,58,3.0,broken clouds
195,Vao,NC,-22.67,167.48,72.63,86,2,16.53,clear sky
196,Kenai,US,60.55,-151.26,46.99,70,75,16.11,broken clouds
197,Presidente Medici,BR,-11.18,-61.9,103.62,22,14,5.91,few clouds
198,Batagay-Alyta,RU,67.8,130.41,19.96,89,63,4.18,broken clouds
199,Margate,GB,51.38,1.39,57.99,65,87,1.99,light rain
200,Haines Junction,CA,60.75,-137.51,32.81,92,92,1.57,overcast clouds
201,Esperance,AU,-33.87,121.9,59.0,100,90,10.29,overcast clouds
202,Cabo San Lucas,MX,22.89,-109.91,84.99,51,5,5.82,clear sky
203,Silver City,US,32.77,-108.28,73.99,16,40,6.93,scattered clouds
204,Mogadishu,SO,2.04,45.34,79.29,82,22,15.59,few clouds
205,Kieta,PG,-6.22,155.63,78.76,77,61,6.6,broken clouds
206,Abnub,EG,27.27,31.15,98.6,27,100,13.87,overcast clouds
207,Keti Bandar,PK,24.14,67.45,82.8,75,0,12.44,clear sky
208,Coquimbo,CL,-29.95,-71.34,60.8,67,38,13.87,scattered clouds
209,Mahebourg,MU,-20.41,57.7,75.2,83,40,5.82,scattered clouds
210,Tezu,IN,27.92,96.17,78.58,69,0,2.89,clear sky
211,Price,US,39.6,-110.81,55.4,26,1,4.7,clear sky
212,Dahra,DZ,36.25,0.85,86.0,35,65,11.41,broken clouds
213,Eenhana,NA,-17.47,16.33,89.69,11,11,10.42,few clouds
214,Caravelas,BR,-17.71,-39.25,87.55,53,22,12.06,few clouds
215,Lesnoy,RU,57.62,63.08,46.56,87,97,8.48,overcast clouds
216,East London,ZA,-33.02,27.91,62.6,82,89,5.82,overcast clouds
217,Port Hardy,CA,50.7,-127.42,53.6,93,90,14.99,light rain
218,Tamandare,BR,-8.76,-35.1,83.03,70,25,11.7,scattered clouds
219,Cidreira,BR,-30.18,-50.21,65.79,67,33,9.04,scattered clouds
220,Verkhnevilyuysk,RU,63.45,120.32,26.78,91,100,3.94,overcast clouds
221,Juiz De Fora,BR,-21.76,-43.35,78.33,70,100,4.7,heavy intensity rain
222,Provideniya,RU,64.38,-173.3,40.28,94,93,10.54,light rain
223,Alpinopolis,BR,-20.86,-46.39,91.08,29,80,9.69,light rain
224,Harper,LR,4.38,-7.72,79.65,80,48,12.37,scattered clouds
225,Ostrovnoy,RU,68.05,39.51,50.22,84,91,12.8,overcast clouds
226,Lodwar,KE,3.12,35.6,93.61,28,26,11.77,scattered clouds
227,Kutum,SD,14.2,24.67,88.3,19,1,4.83,clear sky
228,Vanavara,RU,60.34,102.28,24.46,94,79,8.99,broken clouds
229,Makakilo City,US,21.35,-158.09,73.4,78,1,3.36,clear sky
230,Los Llanos De Aridane,ES,28.66,-17.92,77.0,69,20,9.17,few clouds
231,Kudahuvadhoo,MV,2.67,72.89,83.44,74,100,10.27,light rain
232,Grindavik,IS,63.84,-22.43,48.2,66,43,19.46,scattered clouds
233,Saint-Augustin,CA,51.23,-58.65,39.4,74,100,16.55,light rain
234,Skibbereen,IE,51.55,-9.27,51.8,66,75,18.34,broken clouds
235,Quelimane,MZ,-17.88,36.89,77.0,73,75,12.75,broken clouds
236,Loiza,PR,18.43,-65.88,86.0,79,40,8.05,scattered clouds
237,Hasaki,JP,35.73,140.83,62.6,100,75,9.17,light rain
238,Walvis Bay,NA,-22.96,14.51,68.0,56,2,14.99,clear sky
239,Pisco,PE,-13.7,-76.22,64.0,93,90,5.82,mist
240,Lorengau,PG,-2.02,147.27,81.95,77,100,8.57,moderate rain
241,Verkhoyansk,RU,67.54,133.38,25.21,86,2,9.17,clear sky
242,Mandalgarh,IN,25.2,75.1,79.23,28,0,3.96,clear sky
243,Palasa,IN,18.77,84.42,79.68,84,22,1.59,few clouds
244,Waipawa,NZ,-41.41,175.52,50.0,71,76,4.7,broken clouds
245,Bosobolo,CD,4.18,19.9,77.95,81,77,1.97,broken clouds
246,Jipijapa,EC,-1.33,-80.58,78.8,69,75,4.7,broken clouds
247,Khatanga,RU,71.97,102.5,18.93,98,90,7.2,light snow
248,Cabedelo,BR,-6.98,-34.83,86.0,66,40,13.87,scattered clouds
249,Nhulunbuy,AU,-12.23,136.77,75.2,88,2,8.41,clear sky
250,Halifax,CA,44.65,-63.57,50.0,45,20,29.97,few clouds
251,Lugovoy,KZ,42.95,72.76,44.33,56,14,3.53,few clouds
252,Chimbote,PE,-9.09,-78.58,66.88,74,97,7.16,overcast clouds
253,Vardo,NO,70.37,31.11,48.2,93,75,14.99,broken clouds
254,Candolim,IN,15.52,73.76,82.4,94,75,2.24,mist
255,Ancud,CL,-41.87,-73.82,53.01,87,75,12.75,shower rain
256,Nola,IT,40.92,14.53,71.6,35,21,10.29,few clouds
257,Eyl,SO,7.98,49.82,80.44,78,9,12.44,clear sky
258,Mujiayingzi,CN,42.12,118.78,51.24,65,0,8.95,clear sky
259,Eydhafushi,MV,5.1,73.07,83.86,74,100,10.51,overcast clouds
260,Yabrud,SY,33.97,36.66,75.2,17,2,11.41,clear sky
261,Noumea,NC,-22.28,166.46,68.0,77,0,4.7,clear sky
262,Karratha,AU,-20.74,116.85,67.96,73,0,7.49,clear sky
263,Kangaatsiaq,GL,68.31,-53.46,37.63,77,0,16.93,clear sky
264,Hay River,CA,60.82,-115.8,39.2,93,75,6.93,broken clouds
265,Roald,NO,62.58,6.13,48.2,76,40,1.12,scattered clouds
266,Dnestrovsc,MD,46.62,29.91,66.2,77,94,4.47,overcast clouds
267,Sandviken,SE,60.62,16.77,50.0,71,71,5.99,broken clouds
268,Zhigansk,RU,66.77,123.37,28.83,95,57,13.98,broken clouds
269,Isangel,VU,-19.55,169.27,75.43,87,32,9.86,scattered clouds
270,Alice Springs,AU,-23.7,133.88,59.0,58,14,5.82,few clouds
271,Wahpeton,US,46.27,-96.61,69.01,55,1,9.17,clear sky
272,Fairbanks,US,64.84,-147.72,33.01,86,1,8.05,clear sky
273,Bergerac,FR,44.83,0.5,68.0,60,95,8.05,overcast clouds
274,Mehran,IR,33.12,46.16,69.8,28,20,16.11,few clouds
275,Yaan,NG,7.38,8.57,84.81,71,20,2.77,few clouds
276,Bumba,CD,2.18,22.47,73.44,94,97,3.36,light rain
277,Faya,SA,18.39,42.45,75.2,16,0,11.41,clear sky
278,Xiongyue,CN,40.18,122.12,57.99,70,0,8.52,clear sky
279,Fort William,GB,56.82,-5.11,45.0,95,99,8.86,moderate rain
280,Havelock,US,34.88,-76.9,75.0,53,75,13.87,broken clouds
281,Morondava,MG,-20.28,44.28,76.64,73,0,16.13,clear sky
282,Palmer,US,42.16,-72.33,55.99,34,1,6.31,clear sky
283,Siva,EG,29.2,25.52,87.4,30,0,8.7,clear sky
284,Colonial Park,US,40.3,-76.81,68.0,48,1,5.93,clear sky
285,Broome,US,42.25,-75.83,61.0,56,21,1.99,few clouds
286,Thunder Bay,CA,48.4,-89.32,57.0,71,75,5.82,broken clouds
287,Tomohon,ID,1.33,124.84,75.2,94,20,1.12,few clouds
288,Ponta Delgada,PT,37.73,-25.67,75.2,78,40,6.93,scattered clouds
289,Bethel,US,41.37,-73.41,59.0,62,1,5.73,clear sky
290,Tevriz,RU,57.51,72.4,36.43,98,100,4.34,overcast clouds
291,Boralday,KZ,43.36,76.86,41.0,60,75,4.47,broken clouds
292,Carlyle,US,38.61,-89.37,77.0,68,0,3.0,clear sky
293,Narsaq,GL,60.92,-46.05,51.8,34,75,43.62,broken clouds
294,Tungor,RU,53.38,142.96,39.38,86,0,6.44,clear sky
295,Atchison,US,39.56,-95.12,75.99,69,0,19.22,clear sky
296,Longyearbyen,SJ,78.22,15.64,35.6,93,75,2.24,broken clouds
297,Henties Bay,NA,-22.12,14.28,61.0,83,1,4.0,clear sky
298,Wausau,US,44.96,-89.63,64.4,67,1,8.05,clear sky
299,Tapes,BR,-30.67,-51.4,67.6,55,0,3.38,clear sky
300,Santa Rosa,PH,14.31,121.11,80.6,88,75,4.7,broken clouds
301,Guaruja,BR,-23.99,-46.26,79.0,26,95,1.16,heavy intensity rain
302,Samarai,PG,-10.62,150.67,76.78,81,78,9.55,broken clouds
303,Tasiilaq,GL,65.61,-37.64,37.4,74,20,10.29,few clouds
304,Mareeba,AU,-17.0,145.43,66.2,88,79,4.7,broken clouds
305,Condado,CU,21.88,-79.84,84.2,70,40,11.41,scattered clouds
306,Dudinka,RU,69.41,86.18,21.2,100,40,8.95,scattered clouds
307,Zhmerynka,UA,49.04,28.11,64.99,88,90,4.47,overcast clouds
308,Tiete,BR,-23.1,-47.71,69.8,83,75,12.75,moderate rain
309,Vila Franca Do Campo,PT,37.72,-25.43,75.2,78,40,6.93,scattered clouds
310,El Playon,CO,7.47,-73.2,77.0,61,40,6.93,scattered clouds
311,Sayyan,YE,15.17,44.32,61.97,28,0,13.8,clear sky
312,Laguna,US,38.42,-121.42,59.0,87,1,5.82,clear sky
313,Ust-Maya,RU,60.42,134.53,30.09,91,47,3.87,scattered clouds
314,Itaituba,BR,-4.28,-55.98,104.18,21,93,5.03,overcast clouds
315,Tukrah,LY,32.53,20.58,73.06,58,0,12.08,clear sky
316,La Ronge,CA,55.1,-105.28,35.6,86,75,14.99,broken clouds
317,Hornepayne,CA,49.21,-84.77,44.71,84,100,11.63,overcast clouds
318,Campbell River,CA,50.02,-125.24,55.99,93,90,13.87,overcast clouds
319,Tucurui,BR,-3.77,-49.67,99.46,32,95,5.1,overcast clouds
320,Jibuti,DJ,11.5,42.5,87.8,62,1,8.05,clear sky
321,San Cristobal,VE,7.77,-72.22,86.0,55,40,2.24,scattered clouds
322,Fuxin,CN,42.02,121.66,58.17,77,0,7.9,clear sky
323,Salalah,OM,17.02,54.09,80.6,74,40,5.82,scattered clouds
324,Mecca,SA,21.43,39.83,87.62,41,0,3.58,clear sky
325,Mount Abu,IN,24.6,72.7,71.46,40,1,2.33,clear sky
326,Liku,ID,-0.73,119.89,75.7,86,100,1.74,moderate rain
327,Seoul,KR,37.57,126.98,60.8,59,1,4.56,clear sky
328,Shetpe,KZ,44.17,52.12,50.88,44,0,8.72,clear sky
329,Ilula,TZ,-7.68,36.04,80.6,42,20,14.99,few clouds
330,Forbes,AU,-33.38,148.02,48.99,79,0,3.33,clear sky
331,Fort-Shevchenko,KZ,44.51,50.26,59.52,39,0,17.9,clear sky
332,Yangambi,CD,0.81,24.43,73.42,92,66,2.51,broken clouds
333,Ust-Kuyga,RU,70.02,135.6,21.22,93,89,7.25,overcast clouds
334,Mont-De-Marsan,FR,44.0,-0.67,69.8,68,90,3.36,overcast clouds
335,Lensk,RU,60.73,114.93,28.15,87,100,1.59,overcast clouds
336,Paita,PE,-5.09,-81.11,71.6,73,2,9.17,clear sky
337,Kruisfontein,ZA,-34.0,24.73,59.0,89,79,5.99,broken clouds
338,Mocuba,MZ,-16.84,36.99,77.41,57,78,9.66,broken clouds
339,Elblag,PL,54.15,19.41,55.0,81,42,1.01,scattered clouds
340,Ercis,TR,39.03,43.36,57.2,50,0,3.36,clear sky
341,Adrar,MR,20.5,-10.07,97.63,11,0,12.88,clear sky
342,Payson,US,40.04,-111.73,66.99,50,1,5.82,clear sky
343,Zhanaozen,KZ,43.3,52.8,50.61,45,0,11.3,clear sky
344,Ust-Nera,RU,64.57,143.2,22.51,87,24,7.18,few clouds
345,Gamba,GA,-2.65,10.0,77.23,84,100,8.52,light rain
346,Vinh,VN,18.67,105.67,74.98,84,100,7.9,light rain
347,Port Blair,IN,11.67,92.75,80.65,80,100,6.46,light rain
348,Hauterive,FR,46.09,3.45,66.2,52,75,3.36,broken clouds
349,Caceres,ES,39.52,-6.37,84.99,25,87,1.99,overcast clouds
350,Port Elizabeth,ZA,-33.92,25.57,57.2,93,75,19.46,light rain
351,Port Lincoln,AU,-34.73,135.87,55.15,77,0,6.04,clear sky
352,Cortez,US,37.35,-108.59,68.0,42,1,3.67,clear sky
353,Sampit,ID,-2.53,112.95,74.82,95,100,1.59,light rain
354,Lianzhou,CN,24.78,112.38,61.92,85,1,2.62,light rain
355,Olenegorsk,RU,68.15,33.3,47.95,89,84,6.78,broken clouds
356,Alyangula,AU,-13.85,136.42,73.4,94,0,4.25,clear sky
357,Barcelos,PT,41.54,-8.62,71.01,77,66,10.29,broken clouds
358,Shache,CN,38.42,77.24,52.29,38,67,6.06,broken clouds
359,Olden,NO,61.84,6.81,46.4,81,20,9.17,few clouds
360,Tessalit,ML,20.2,1.01,101.53,8,64,16.4,broken clouds
361,Jalu,LY,29.03,21.55,83.03,35,0,7.52,clear sky
362,Labuhan,ID,-6.88,112.21,81.01,75,90,7.54,heavy intensity rain
363,Northam,GB,51.03,-4.22,55.99,76,81,15.01,light rain
364,Dhidhdhoo,MV,6.88,73.1,82.35,75,49,9.46,scattered clouds
365,Dolores,AR,-36.31,-57.68,66.16,43,40,17.98,light rain
366,Tateyama,JP,34.98,139.87,62.6,93,75,18.34,light intensity shower rain
367,Yairipok,IN,24.67,94.07,70.32,92,11,1.88,few clouds
368,Lata,PT,40.16,-8.33,79.0,53,21,8.21,few clouds
369,Livingstonia,MW,-10.61,34.11,70.34,61,26,1.45,scattered clouds
370,Wajima,JP,37.4,136.9,68.04,74,100,2.8,overcast clouds
371,Talnakh,RU,69.49,88.4,21.2,100,40,8.95,scattered clouds
372,Safaga,EG,26.73,33.94,91.4,41,42,6.93,scattered clouds
373,Paka,MY,4.64,103.44,80.6,94,100,2.24,moderate rain
374,Paraiso,CR,9.84,-83.87,77.0,73,97,6.93,light rain
375,Coatzacoalcos,MX,18.15,-94.42,82.4,69,75,6.93,broken clouds
376,Najran,SA,17.49,44.13,82.4,20,7,13.87,clear sky
377,Garissa,KE,-0.45,39.64,88.52,47,26,15.48,scattered clouds
378,Medicine Hat,CA,50.05,-110.67,42.8,81,75,3.36,broken clouds
379,Pitea,SE,65.32,21.48,50.0,93,75,5.82,broken clouds
380,Beloha,MG,-25.17,45.05,69.69,79,0,15.99,clear sky
381,Marivan,IR,35.52,46.18,56.17,45,0,14.67,clear sky
382,Manitouwadge,CA,49.12,-85.84,48.2,87,90,13.87,overcast clouds
383,Khandbari,NP,27.37,87.2,70.57,66,3,2.33,clear sky
384,Auki,SB,-8.77,160.7,77.38,86,19,4.07,few clouds
385,Atbasar,KZ,51.8,68.33,39.65,68,95,13.38,overcast clouds
386,Pimenteiras,BR,-6.25,-41.42,105.4,19,65,4.68,broken clouds
387,Constitucion,CL,-35.33,-72.42,62.58,57,0,16.13,clear sky
388,Warrington,GB,53.39,-2.58,52.0,71,40,19.46,shower rain
389,Isahaya,JP,32.84,130.04,71.01,78,17,13.0,few clouds
390,Fukue,JP,32.69,128.84,71.96,86,28,25.7,scattered clouds
391,Pakxan,LA,18.38,103.66,73.78,71,99,6.33,overcast clouds
392,Beeville,US,28.4,-97.75,84.99,75,86,7.0,overcast clouds
393,Arlit,NE,18.74,7.39,100.54,8,100,3.15,overcast clouds
394,Tchollire,CM,8.4,14.17,82.35,72,8,2.75,clear sky
395,La Rioja,ES,42.25,-2.5,71.6,56,0,8.05,clear sky
396,Avera,US,33.19,-82.53,80.6,57,1,9.17,clear sky
397,Asuncion,PY,-25.3,-57.64,82.4,58,99,13.91,overcast clouds
398,Cayenne,GF,4.93,-52.33,91.4,52,20,9.17,few clouds
399,Port-Gentil,GA,-0.72,8.78,80.6,83,75,12.75,broken clouds
400,Porto Novo,BJ,6.5,2.6,80.6,88,40,12.75,thunderstorm
401,Telfs,AT,47.3,11.07,64.4,59,100,3.36,overcast clouds
402,Pimentel,PE,-6.84,-79.93,64.4,82,90,2.24,overcast clouds
403,Olinda,BR,-8.01,-34.86,84.2,70,75,10.29,broken clouds
404,Praia,CV,14.92,-23.51,87.8,70,1,14.99,clear sky
405,Sur,OM,22.57,59.53,79.54,59,0,3.42,clear sky
406,Saurimo,AO,-9.66,20.39,82.4,54,75,1.9,broken clouds
407,Tongliao,CN,43.61,122.27,58.44,61,29,13.67,scattered clouds
408,Eskilstuna,SE,59.37,16.51,53.6,58,40,9.17,scattered clouds
409,Melbourne,US,28.08,-80.61,88.0,74,75,9.17,broken clouds
410,Evensk,RU,61.95,159.23,29.34,86,0,12.84,clear sky
411,Pilar,BR,-9.6,-35.96,86.0,70,40,14.99,scattered clouds
412,Berwick,US,41.05,-76.23,64.99,51,1,3.0,clear sky
413,Rio Gallegos,AR,-51.62,-69.22,64.4,34,75,12.75,broken clouds
414,Show Low,US,34.25,-110.03,68.0,24,1,9.17,clear sky
415,Dauphin,CA,51.15,-100.05,51.8,66,1,13.87,clear sky
416,Kiunga,PG,-6.12,141.29,71.78,98,89,3.62,overcast clouds
417,Sabang,ID,5.89,95.32,81.16,79,100,21.3,light rain
418,Qatana,SY,33.44,36.08,75.2,17,5,11.41,clear sky
419,Kazachinskoye,RU,57.7,93.28,31.68,98,100,7.87,overcast clouds
420,Ballarpur,IN,19.83,79.35,78.24,89,38,3.31,scattered clouds
421,Sulangan,PH,11.14,123.72,82.87,75,100,5.53,moderate rain
422,Tilichiki,RU,60.47,166.1,28.94,88,100,15.93,overcast clouds
423,East Wenatchee Bench,US,47.43,-120.28,63.0,62,1,6.93,clear sky
424,Lukovetskiy,RU,64.3,41.92,51.8,100,90,2.24,light rain
425,Solnechnyy,RU,50.72,136.63,38.39,76,0,3.83,clear sky
426,San Quintin,MX,30.48,-115.95,68.45,75,69,10.92,broken clouds
427,Diego De Almagro,CL,-26.37,-70.05,88.16,11,0,10.58,clear sky
428,Klaksvik,FO,62.23,-6.59,44.6,100,100,5.82,drizzle
429,Kasongo-Lunda,CD,-6.47,16.82,83.73,62,71,2.64,broken clouds
430,Amapa,BR,1.0,-52.0,97.2,31,24,4.12,few clouds
431,Zeya,RU,53.75,127.27,41.0,76,100,8.14,light rain
432,Gua Musang,MY,4.88,101.96,75.67,90,100,1.3,light rain
433,Naze,JP,28.37,129.48,78.8,83,90,5.82,overcast clouds
434,Victoria Point,AU,-27.58,153.3,66.99,83,0,1.01,clear sky
435,Mitu,CO,1.2,-70.17,89.71,50,57,1.83,broken clouds
436,Ahipara,NZ,-35.17,173.17,56.25,73,41,13.87,scattered clouds
437,Venado Tuerto,AR,-33.75,-61.97,75.99,30,0,14.0,clear sky
438,Iskateley,RU,67.68,53.15,44.24,94,100,7.7,overcast clouds
439,Mahibadhoo,MV,3.78,72.97,82.92,77,100,11.97,light rain
440,Tabas,IR,33.6,56.92,73.4,15,0,9.17,clear sky
441,The Pas,CA,53.83,-101.25,37.4,93,90,13.87,light rain
442,Hualmay,PE,-11.1,-77.61,68.92,67,43,7.85,scattered clouds
443,Beringovskiy,RU,63.05,179.32,41.68,94,100,20.11,light rain
444,Sao Mateus Do Sul,BR,-25.87,-50.38,64.56,96,99,6.26,heavy intensity rain
445,Mosquera,CO,4.71,-74.23,60.8,55,75,10.29,broken clouds
446,Podgornoye,RU,51.73,39.15,57.2,22,77,11.18,broken clouds
447,Santa Isabel Do Rio Negro,BR,-0.41,-65.02,96.42,42,31,2.46,scattered clouds
448,Daniel Flores,CR,9.34,-83.67,79.07,71,80,3.8,light rain
449,Conde,BR,-7.26,-34.91,86.0,66,40,13.87,scattered clouds
450,Svetlaya,RU,46.54,138.33,50.41,61,85,4.23,overcast clouds
451,Takanabe,JP,32.13,131.5,71.46,75,68,8.23,broken clouds
452,Wamba,NG,8.93,8.6,83.26,73,21,4.12,light rain
453,Glendive,US,47.11,-104.71,55.99,53,1,10.29,clear sky
454,Yar-Sale,RU,66.83,70.83,30.67,95,81,3.42,broken clouds
455,Andra,RU,62.51,65.89,36.77,94,3,4.21,clear sky
456,Coihaique,CL,-45.58,-72.07,51.8,57,75,4.7,broken clouds
457,Marawi,PH,8.0,124.29,77.0,93,98,4.0,heavy intensity rain
458,Krutikha,RU,53.96,81.21,33.58,87,100,11.25,overcast clouds
459,Petropavlovka,RU,50.61,105.32,27.93,90,100,16.69,light snow
460,Harbour Breton,CA,47.48,-55.8,46.0,100,100,8.01,overcast clouds
461,Kashi,CN,39.45,75.98,59.0,28,40,6.71,scattered clouds
462,Otsuki,JP,35.6,138.93,59.0,100,90,10.29,light rain
463,Paragominas,BR,-2.97,-47.48,96.62,35,29,4.99,scattered clouds
464,Malard,IR,35.67,50.98,59.0,93,40,4.7,scattered clouds
465,Vestmannaeyjar,IS,63.44,-20.27,48.2,61,0,31.09,clear sky
466,Colon,PA,9.36,-79.9,84.2,83,40,6.93,scattered clouds
467,Hirara,JP,24.8,125.28,79.38,80,34,15.43,scattered clouds
468,Tual,ID,-5.67,132.75,80.92,76,85,19.57,overcast clouds
469,Tuatapere,NZ,-46.13,167.68,39.99,90,1,4.59,clear sky
470,Gimli,CA,50.63,-96.99,55.99,99,96,10.0,overcast clouds
471,Selma,US,36.57,-119.61,59.0,76,1,3.36,haze
472,Arawa,PG,-6.21,155.54,76.77,80,67,4.76,light rain
473,Soyo,AO,-6.13,12.37,80.6,78,40,13.87,scattered clouds
474,Ugoofaaru,MV,5.67,73.0,83.16,73,100,9.55,overcast clouds
475,Paslek,PL,54.06,19.66,55.0,81,45,1.01,scattered clouds
476,Opuwo,NA,-18.06,13.84,84.02,15,43,17.56,scattered clouds
477,Roma,US,43.21,-75.46,57.99,62,1,6.06,clear sky
478,Necochea,AR,-38.55,-58.74,57.0,77,0,15.01,clear sky
479,Nago,JP,26.59,127.98,75.2,94,1,7.2,clear sky
480,Bukama,CD,-9.2,25.85,85.08,48,27,5.88,scattered clouds
481,Belaya Gora,RU,68.53,146.42,25.88,95,99,3.6,overcast clouds
482,Luderitz,NA,-26.65,15.16,62.04,58,0,33.84,clear sky
483,Itoman,JP,26.12,127.67,77.0,83,20,4.7,few clouds
484,Guatire,VE,10.48,-66.54,81.0,60,16,3.85,moderate rain
485,Sambava,MG,-14.27,50.17,74.52,87,0,6.71,clear sky
486,Rustenburg,ZA,-25.67,27.24,76.42,41,72,7.7,broken clouds
487,Luba,GQ,3.46,8.55,82.4,78,75,9.17,broken clouds
488,Harnosand,SE,62.63,17.94,50.0,93,92,3.36,light rain
489,Aborlan,PH,9.44,118.55,78.8,94,40,4.7,scattered clouds
490,Balkhash,KZ,46.84,74.98,40.73,60,0,10.69,clear sky
491,Dunedin,NZ,-45.87,170.5,45.0,83,0,6.76,clear sky
492,Moerai,PF,-22.43,-151.33,74.88,85,14,12.1,light rain
493,Lethem,GY,3.38,-59.8,88.81,56,37,9.69,light rain
494,Nanortalik,GL,60.14,-45.24,43.27,78,91,37.94,moderate rain
495,Imbituba,BR,-28.24,-48.67,66.2,82,75,5.82,broken clouds
496,Praya,CV,14.92,-23.51,87.8,70,1,14.99,clear sky
497,San Policarpo,PH,12.18,125.51,77.97,88,100,4.27,light rain
498,Shirokiy,RU,49.76,129.52,48.36,88,100,12.62,overcast clouds
499,Dergachi,RU,51.23,48.77,52.54,48,11,10.76,few clouds
500,Yuzhou,CN,34.16,113.46,62.6,77,52,1.77,broken clouds
501,Novoagansk,RU,61.94,76.66,24.96,98,4,4.12,clear sky
502,Atar,MR,20.52,-13.05,102.83,11,0,14.34,clear sky
503,Vila,PT,42.03,-8.16,70.0,68,90,5.99,overcast clouds
504,Puerto Escondido,MX,15.85,-97.07,80.6,78,40,9.17,scattered clouds
505,Baghmara,IN,23.8,86.21,80.42,80,100,3.36,overcast clouds
506,Kisesa,TZ,-3.08,34.15,82.99,16,100,5.82,overcast clouds
507,High Rock,BS,26.62,-78.28,84.2,74,75,11.41,broken clouds
508,Lasa,IT,46.62,10.7,61.0,71,40,6.93,scattered clouds
509,Hami,CN,42.8,93.45,51.76,37,95,9.28,overcast clouds
510,Intipuca,SV,13.2,-88.05,82.4,78,75,2.28,broken clouds
511,Huescar,ES,37.81,-2.54,78.01,47,67,5.99,broken clouds
512,Matagami,CA,49.75,-77.63,33.8,70,90,4.7,overcast clouds
513,Bulawayo,ZW,-20.15,28.58,79.47,37,55,2.8,broken clouds
514,Yeppoon,AU,-23.13,150.73,68.0,77,90,2.51,overcast clouds
515,Chara,RU,56.91,118.26,34.9,88,100,6.08,overcast clouds
516,Ahuimanu,US,21.44,-157.84,78.8,65,40,6.93,scattered clouds
517,Gardez,AF,33.6,69.23,54.82,39,0,5.79,clear sky
518,Baturaja,ID,-4.13,104.17,75.36,91,100,2.1,light rain
519,Abu Kamal,SY,34.45,40.92,75.78,20,0,8.66,clear sky
520,Baykit,RU,61.67,96.37,26.42,93,100,5.77,overcast clouds
521,Homer,US,59.64,-151.55,44.01,93,1,6.91,clear sky
522,Vestmanna,FO,62.16,-7.17,44.6,100,100,5.82,drizzle
523,Canavieiras,BR,-15.68,-38.95,83.5,62,32,11.95,scattered clouds
524,Carballo,ES,43.21,-8.69,64.4,88,75,6.93,broken clouds
525,Plaster Rock,CA,46.91,-67.39,46.0,39,40,12.75,scattered clouds
526,Tautira,PF,-17.73,-149.15,73.4,88,20,3.36,few clouds
527,Dharchula,IN,29.85,80.53,61.39,45,0,3.74,clear sky
528,Turukhansk,RU,65.82,87.98,26.15,98,100,10.25,overcast clouds
529,Celestun,MX,20.87,-90.4,83.37,77,82,10.51,broken clouds
530,Coos Bay,US,43.37,-124.22,55.99,100,90,4.7,mist
531,Puerto Colombia,CO,10.99,-74.95,86.0,74,40,11.41,scattered clouds
532,Urucui,BR,-7.23,-44.56,102.27,24,44,6.93,scattered clouds
533,Kahului,US,20.89,-156.47,73.99,68,1,3.87,clear sky
534,Shahreza,IR,32.03,51.88,51.4,46,0,12.88,clear sky
535,Tuy Hoa,VN,13.08,109.3,77.5,88,100,4.61,moderate rain
536,Kargasok,RU,59.06,80.86,32.31,96,100,4.99,overcast clouds
537,Marsa Matruh,EG,31.35,27.25,78.8,61,40,11.41,scattered clouds
538,Manzhouli,CN,49.6,117.43,38.98,75,58,5.19,broken clouds
539,Rudnogorsk,RU,57.26,103.75,22.19,92,86,3.91,overcast clouds
540,Sidi Ali,DZ,36.1,0.42,73.24,64,63,8.99,broken clouds
541,Loviisa,FI,60.46,26.23,53.01,96,79,1.99,light rain
542,Alofi,NU,-19.06,-169.92,73.4,100,100,2.24,moderate rain
543,Goma,CD,-1.68,29.22,66.87,75,78,2.46,moderate rain
544,Datong,CN,40.09,113.29,53.46,48,0,2.21,clear sky
545,Okha,RU,53.57,142.95,41.76,82,0,7.05,clear sky
546,Luino,IT,46.0,8.75,63.0,77,100,2.24,light rain
547,Stokmarknes,NO,68.56,14.91,51.8,93,100,4.7,overcast clouds
548,Chihuahua,MX,28.5,-106.0,78.01,27,5,5.82,clear sky
549,Daru,PG,-9.08,143.21,75.42,83,100,11.81,overcast clouds
550,Taoudenni,ML,22.68,-3.98,103.12,11,0,7.87,clear sky
551,Willmar,US,45.12,-95.04,68.0,64,1,4.7,clear sky
552,Camabatela,AO,-8.19,15.38,73.2,75,51,4.25,light rain
553,Parintins,BR,-2.63,-56.74,103.12,23,13,4.25,few clouds
554,Komsomolskiy,UZ,40.43,71.72,51.8,57,75,2.24,broken clouds
555,Inhambane,MZ,-23.86,35.38,75.2,64,0,14.99,clear sky
556,Kununurra,AU,-15.77,128.73,80.6,78,58,5.82,broken clouds
557,Nouadhibou,MR,20.93,-17.03,80.6,57,0,18.34,clear sky
558,Tecoanapa,MX,16.52,-98.75,84.25,70,53,1.19,broken clouds
